Workbook

Sheet QUESTIONS
A1: Q_ID | B1: POOL_ID | C1: ANGLE_ID | D1: LIBELLÉ | E1: RÉPONSE | F1: CIBLE_NIVEAU | G1: TYPE_Q | H1: PAYOFF_TYPE | I1: FLAG_B2 | J1: STATUT_B2
A2: [POOL_ID]-Q001 | B2: [POOL_ID] | C2: [ANGLE_ID] | D2: [Libellé question ?] | E2: [Réponse] | F2: [N1/N2/N3] | G2: [1-5] | H2: [surprise|collision|oralité|disproportion|faux_reflexe] | I2: [PASS|WARNING|FAIL] | J2: EN_COURS

Sheet SUIVI_POOLS
A1: POOL_ID | B1: THÈME | C1: NIVEAU | D1: TYPE | E1: STOCK_CIBLE | F1: STOCK_ACTUEL | G1: ÉCART | H1: NB_ANGLES | I1: SAT_RISK | J1: STATUT
A2: IF-SF-01 | B2: Détails fondateurs — NOZ / Rapido / Lactalis | C2: N3 | D2: IF-SF | E2: 8 | F2: =COUNTIF(QUESTIONS!B:B,A2) | G2: =F2-E2 | H2: 3 | I2: MEDIUM | J2: =IF(F2>=E2,"COMPLET","EN_COURS")
A3: IF-SF-02 | B3: Connexions précises — fromages / Paré / Dynamo Kiev | C3: N3 | D3: IF-SF | E3: 8 | F3: =COUNTIF(QUESTIONS!B:B,A3) | G3: =F3-E3 | H3: 4 | I3: LOW | J3: =IF(F3>=E3,"COMPLET","EN_COURS")
A4: IF-ROT-01 | B4: Chiffres runtime — Ernée / hippodromes / Chaussée | C4: N3 | D4: IF-ROT | E4: 12 | F4: =COUNTIF(QUESTIONS!B:B,A4) | G4: =F4-E4 | H4: 4 | I4: MEDIUM | J4: =IF(F4>=E4,"COMPLET","EN_COURS")
A5: IF-ROT-02 | B5: Dates précises — NOZ / Rapido / Port-Salut / VandB | C5: N3 | D5: IF-ROT | E5: 12 | F5: =COUNTIF(QUESTIONS!B:B,A5) | G5: =F5-E5 | H5: 3 | I5: HIGH | J5: =IF(F5>=E5,"COMPLET","EN_COURS")
A6: IF-ROT-03 | B6: Connexions joueurs — Aubameyang / Omam-Biyik / etc. | C6: N3 | D6: IF-ROT | E6: 12 | F6: =COUNTIF(QUESTIONS!B:B,A6) | G6: =F6-E6 | H6: 5 | I6: MEDIUM | J6: =IF(F6>=E6,"COMPLET","EN_COURS")
A7: QV-01 | B7: Géants cachés — marques du quotidien | C7: N1 | D7: QV | E7: 15 | F7: =COUNTIF(QUESTIONS!B:B,A7) | G7: =F7-E7 | H7: 4 | I7: LOW | J7: =IF(F7>=E7,"COMPLET","EN_COURS")
A8: QV-02 | B8: Frigo français — fromages mayennais | C8: N1 | D8: QV | E8: 15 | F8: =COUNTIF(QUESTIONS!B:B,A8) | G8: =F8-E8 | H8: 4 | I8: MEDIUM | J8: =IF(F8>=E8,"COMPLET","EN_COURS")
A9: QV-03 | B9: Patois vivant — mots oraux | C9: N1 | D9: QV | E9: 15 | F9: =COUNTIF(QUESTIONS!B:B,A9) | G9: =F9-E9 | H9: 5 | I9: MEDIUM | J9: =IF(F9>=E9,"COMPLET","EN_COURS")
A10: QV-04 | B10: ORIGINES / CONFUSIONS — lieux + signal structurel | C10: N1 | D10: QV | E10: 30 | F10: =COUNTIF(QUESTIONS!B:B,A10) | G10: =F10-E10 | H10: 8 | I10: MEDIUM | J10: =IF(F10>=E10,"COMPLET","EN_COURS")
A11: QV-05 | B11: Figures nées à Laval | C11: N1 | D11: QV | E11: 15 | F11: =COUNTIF(QUESTIONS!B:B,A11) | G11: =F11-E11 | H11: 5 | I11: LOW | J11: =IF(F11>=E11,"COMPLET","EN_COURS")
A12: QV-06 | B12: Origines fondateurs — Rapido / Lactalis / V and B | C12: N2 | D12: QV | E12: 15 | F12: =COUNTIF(QUESTIONS!B:B,A12) | G12: =F12-E12 | H12: 3 | I12: HIGH | J12: =IF(F12>=E12,"COMPLET","EN_COURS")
A13: QV-08 | B13: Patois — phrases orales P1 / P2 / P3 | C13: N2 | D13: QV | E13: 15 | F13: =COUNTIF(QUESTIONS!B:B,A13) | G13: =F13-E13 | H13: 4 | I13: MEDIUM | J13: =IF(F13>=E13,"COMPLET","EN_COURS")
... A18: QV-14 | B18: Patois — mots détails | C18: N2 | D18: QV | E18: 15 | F18: =COUNTIF(QUESTIONS!B:B,A18) | G18: =F18-E18 | H18: 9 | I18: MEDIUM | J18: =IF(F18>=E18,"COMPLET","EN_COURS")
A19: TOTAL | E19: 277 | F19: =SUM(F2:F18) | G19: =F19-E19

Sheet GLOSSAIRE
A1: GLOSSAIRE — ÉTAPE B2
A2: Source : glossaire_documentaire_factory.md — LECTURE SEULE
A4: TERME | B4: DÉFINITION COURTE | C4: RÈGLE PRINCIPALE
A5: POOL | B5: Unité opérationnelle contenant un stock de questions CONSISTENCY_VALIDATED.
A6: IF_SF | B6: Pool d'incontournables semi-fixes. | C6: [RULE-IFS-001] Les angles IF-SF ne peuvent pas être réutilisés dans les QV.
A7: IF_ROT | B7: Pool d'incontournables rotatifs. | C7: [RULE-IFR-001] Les angles IF-ROT sont interdits dans les QV.
A8: QV | B8: Questions Variables. | C8: [RULE-QV-001] Les QV doivent maximiser la diversité documentaire.
A9: POOL_COLLISION | B9: Réutilisation problématique d'un même angle dans plusieurs pools.
A10: ONBOARDING_FLUIDE | B10: Présence d'au moins 3 questions N1 dans les 5 premières questions d'une partie.
A11: COHERENCE_CULTURELLE | B11: Absence de contradiction chronologique, thématique ou factuelle dans un même quiz. | C11: [RULE-COH-001] La CONSISTENCY culturelle prime sur les quotas.
A12: ANGLE_DOCUMENTAIRE | B12: Aspect précis et exploitable d'un item pouvant produire une question distincte. | C12: [RULE-ANGLE-001] Les micro-variantes artificielles doivent être évitées.
A13: ANGLE_ASSIGNMENT | B13: Assignation explicite d'un angle à un pool unique. | C13: [RULE-ANGLE-002] Un angle assigné à un pool est interdit dans les autres pools.
A14: STATUS_STANDARD | B14: Liste officielle des statuts documentaires autorisés. | C14: [RULE-STATUS-001] Tout autre format de statut est interdit.
A15: TOKEN_OPTIMIZATION_MONITORING | B15: [non trouvé dans glossaire — vérifier source]
A16: DECISION_GATE | B16: Mécanisme de validation B3 après PASS 2, avant PASS 3 ou export. | C16: [RULE-HB-DIST-004] ---
A18: ⚠ ALERTES — TERMES POTENTIELLEMENT MANQUANTS
A19: L'IA consigne ici tout terme utilisé dans cette étape mais absent du glossaire source.
A20: MANQUANT | B20: TOKEN_OPTIMIZATION_MONITORING — présent dans config step mais absent du glossaire | C20: → Ajouter dans glossaire_documentaire_factory.md
A22: sync_glossaire.py — dernière exécution automatique — 2026-05-19

Sheet GUARDRAILS
A1: GUARDRAILS B2 — MAYENNE FACTORY V2
A3: RÈGLE | B3: VALEUR | C3: FLAG
A4: LONGUEUR CIBLE (mots) | B4: 6–9 | C4: —
A5: LONGUEUR ACCEPTABLE (mots) | B5: 10–13 | C5: WARNING
A6: LONGUEUR FAIL (mots) | B6: ≥ 14 | C6: FAIL
A8: PAYOFF_TYPE obligatoire | B8: surprise / collision / oralité / disproportion / faux_reflexe | C8: FAIL si absent
A9: Min types PAYOFF par pool | B9: 3 types distincts | C9: WARNING si <3
A11: School feeling | B11: question type cours / définition académique | C11: FAIL
A12: Tourism brochure | B12: valorisation territoriale / patrimoine officiel | C12: FAIL
A13: Encyclopédie | B13: liste / explication / contexte lourd | C13: FAIL
A14: Réponse dans libellé | B14: réponse devinable depuis la question | C14: FAIL
A15: Formulation Wikipedia | B15: ton institutionnel / phrasing non oral | C15: FAIL
A17: Série TYPE_Q identique | B17: ≥ 3 consécutifs dans le pool | C17: WARNING
... A24: POOLS ANGLES LIMITÉS (3) | B24: QV-06 / QV-11 / IF-SF-01 / IF-ROT-02 — générer avec soin | C24: WATCH
